{
 "version": "auto-py-to-exe-configuration_v1",
 "pyinstallerOptions": [
  {
   "optionDest": "noconfirm",
   "value": true
  },
  {
   "optionDest": "filenames",
   "value": "C:/p/fantasy_books_workspace/fantasy_books/fantasy_books.py"
  },
  {
   "optionDest": "onefile",
   "value": true
  },
  {
   "optionDest": "console",
   "value": false
  },
  {
   "optionDest": "icon_file",
   "value": "C:/p/fantasy_books_workspace/fantasy_books/icons_package/noun-books-1169738-blue64.ico"
  },
  {
   "optionDest": "name",
   "value": "acks_fbg"
  },
  {
   "optionDest": "ascii",
   "value": false
  },
  {
   "optionDest": "clean_build",
   "value": false
  },
  {
   "optionDest": "debug",
   "value": "all"
  },
  {
   "optionDest": "strip",
   "value": false
  },
  {
   "optionDest": "noupx",
   "value": false
  },
  {
   "optionDest": "disable_windowed_traceback",
   "value": false
  },
  {
   "optionDest": "embed_manifest",
   "value": true
  },
  {
   "optionDest": "uac_admin",
   "value": false
  },
  {
   "optionDest": "uac_uiaccess",
   "value": false
  },
  {
   "optionDest": "win_private_assemblies",
   "value": false
  },
  {
   "optionDest": "win_no_prefer_redirects",
   "value": false
  },
  {
   "optionDest": "bootloader_ignore_signals",
   "value": false
  },
  {
   "optionDest": "argv_emulation",
   "value": false
  },
  {
   "optionDest": "datas",
   "value": "C:/p/fantasy_books_workspace/fantasy_books/blank_excel_files_templates;blank_excel_files_templates/"
  },
  {
   "optionDest": "datas",
   "value": "C:/p/fantasy_books_workspace/fantasy_books/default_settings_files_backup;default_settings_files_backup/"
  },
  {
   "optionDest": "datas",
   "value": "C:/p/fantasy_books_workspace/fantasy_books/excel_backups;excel_backups/"
  },
  {
   "optionDest": "datas",
   "value": "C:/p/fantasy_books_workspace/fantasy_books/fonts;fonts/"
  },
  {
   "optionDest": "datas",
   "value": "C:/p/fantasy_books_workspace/fantasy_books/icons_package;icons_package/"
  },
  {
   "optionDest": "datas",
   "value": "C:/p/fantasy_books_workspace/fantasy_books/logging_gls_package;logging_gls_package/"
  },
  {
   "optionDest": "datas",
   "value": "C:/p/fantasy_books_workspace/fantasy_books/lorem_text_fantasy;lorem_text_fantasy/"
  },
  {
   "optionDest": "datas",
   "value": "C:/p/fantasy_books_workspace/fantasy_books/rpg_tables_package;rpg_tables_package/"
  },
  {
   "optionDest": "datas",
   "value": "C:/p/fantasy_books_workspace/fantasy_books/settings;settings/"
  },
  {
   "optionDest": "datas",
   "value": "C:/p/fantasy_books_workspace/fantasy_books/sqlite_db;sqlite_db/"
  },
  {
   "optionDest": "datas",
   "value": "C:/p/fantasy_books_workspace/fantasy_books/books_spreadsheet_out.xlsx;."
  },
  {
   "optionDest": "datas",
   "value": "C:/p/fantasy_books_workspace/fantasy_books/LICENSE.txt;."
  },
  {
   "optionDest": "datas",
   "value": "C:/p/fantasy_books_workspace/fantasy_books/master_fantasy_book_list.xlsx;."
  },
  {
   "optionDest": "datas",
   "value": "C:/p/fantasy_books_workspace/fantasy_books/README.md;."
  },
  {
   "optionDest": "datas",
   "value": "C:/p/fantasy_books_workspace/fantasy_books/requirements.txt;."
  },
  {
   "optionDest": "datas",
   "value": "C:/p/fantasy_books_workspace/fantasy_books/.venv/Lib/site-packages/d20/grammar.lark;d20/"
  },
  {
   "optionDest": "collect_data",
   "value": "d20"
  }
 ],
 "nonPyinstallerOptions": {
  "increaseRecursionLimit": true,
  "manualArguments": ""
 }
}